{
    "counter": {
        "ACTIVE": 1131,
        "INACTIVE": 46,
        "INVALID": 0,
        "MALICIOUS": 0,
        "SANE": 0,
        "VALID": 0,
        "total": 1177
    },
    "percentage": {
        "ACTIVE": 96.09175870858114,
        "INACTIVE": 4.020979020979021,
        "INVALID": 0,
        "MALICIOUS": 0,
        "SANE": 0,
        "VALID": 0,
        "total": 100.11273772956017
    }
}