{
    "counter": {
        "ACTIVE": 443,
        "INACTIVE": 53,
        "INVALID": 0,
        "MALICIOUS": 0,
        "SANE": 0,
        "VALID": 0,
        "total": 496
    },
    "percentage": {
        "ACTIVE": 89.31451612903226,
        "INACTIVE": 52.475247524752476,
        "INVALID": 0,
        "MALICIOUS": 0,
        "SANE": 0,
        "VALID": 0,
        "total": 141.78976365378475
    }
}