{
    "counter": {
        "ACTIVE": 1120,
        "INACTIVE": 1,
        "INVALID": 0,
        "MALICIOUS": 0,
        "SANE": 0,
        "VALID": 0,
        "total": 1121
    },
    "percentage": {
        "ACTIVE": 99.9107939339875,
        "INACTIVE": 0.10695187165775401,
        "INVALID": 0,
        "MALICIOUS": 0,
        "SANE": 0,
        "VALID": 0,
        "total": 100.01774580564526
    }
}