{
    "counter": {
        "ACTIVE": 1081,
        "INACTIVE": 2,
        "INVALID": 0,
        "MALICIOUS": 0,
        "SANE": 0,
        "VALID": 0,
        "total": 1083
    },
    "percentage": {
        "ACTIVE": 99.81532779316713,
        "INACTIVE": 0.22598870056497175,
        "INVALID": 0,
        "MALICIOUS": 0,
        "SANE": 0,
        "VALID": 0,
        "total": 100.0413164937321
    }
}