{
    "counter": {
        "ACTIVE": 1220,
        "INACTIVE": 8,
        "INVALID": 0,
        "MALICIOUS": 0,
        "SANE": 0,
        "VALID": 0,
        "total": 1228
    },
    "percentage": {
        "ACTIVE": 99.3485342019544,
        "INACTIVE": 0.6796941376380629,
        "INVALID": 0,
        "MALICIOUS": 0,
        "SANE": 0,
        "VALID": 0,
        "total": 100.02822833959246
    }
}