{
    "counter": {
        "ACTIVE": 1294,
        "INACTIVE": 6,
        "INVALID": 0,
        "MALICIOUS": 0,
        "SANE": 0,
        "VALID": 0,
        "total": 1300
    },
    "percentage": {
        "ACTIVE": 99.53846153846153,
        "INACTIVE": 0.4713275726630008,
        "INVALID": 0,
        "MALICIOUS": 0,
        "SANE": 0,
        "VALID": 0,
        "total": 100.00978911112453
    }
}