{
    "counter": {
        "ACTIVE": 1283,
        "INACTIVE": 10,
        "INVALID": 0,
        "MALICIOUS": 0,
        "SANE": 0,
        "VALID": 0,
        "total": 1293
    },
    "percentage": {
        "ACTIVE": 99.22660479505026,
        "INACTIVE": 0.7980845969672785,
        "INVALID": 0,
        "MALICIOUS": 0,
        "SANE": 0,
        "VALID": 0,
        "total": 100.02468939201754
    }
}