{
    "counter": {
        "ACTIVE": 1074,
        "INACTIVE": 3,
        "INVALID": 0,
        "MALICIOUS": 0,
        "SANE": 0,
        "VALID": 0,
        "total": 1077
    },
    "percentage": {
        "ACTIVE": 99.72144846796657,
        "INACTIVE": 0.6666666666666666,
        "INVALID": 0,
        "MALICIOUS": 0,
        "SANE": 0,
        "VALID": 0,
        "total": 100.38811513463324
    }
}