{
    "counter": {
        "ACTIVE": 1301,
        "INACTIVE": 5,
        "INVALID": 0,
        "MALICIOUS": 0,
        "SANE": 0,
        "VALID": 0,
        "total": 1306
    },
    "percentage": {
        "ACTIVE": 99.69348659003832,
        "INACTIVE": 0.38284839203675347,
        "INVALID": 0,
        "MALICIOUS": 0,
        "SANE": 0,
        "VALID": 0,
        "total": 100.07633498207507
    }
}