{
    "counter": {
        "ACTIVE": 1058,
        "INACTIVE": 2,
        "INVALID": 0,
        "MALICIOUS": 0,
        "SANE": 0,
        "VALID": 0,
        "total": 1060
    },
    "percentage": {
        "ACTIVE": 99.81132075471699,
        "INACTIVE": 0.29069767441860467,
        "INVALID": 0,
        "MALICIOUS": 0,
        "SANE": 0,
        "VALID": 0,
        "total": 100.1020184291356
    }
}