{
    "counter": {
        "ACTIVE": 1049,
        "INACTIVE": 3,
        "INVALID": 0,
        "MALICIOUS": 0,
        "SANE": 0,
        "VALID": 0,
        "total": 1052
    },
    "percentage": {
        "ACTIVE": 99.7148288973384,
        "INACTIVE": 0.3184713375796178,
        "INVALID": 0,
        "MALICIOUS": 0,
        "SANE": 0,
        "VALID": 0,
        "total": 100.03330023491803
    }
}