{
    "counter": {
        "ACTIVE": 1072,
        "INACTIVE": 1,
        "INVALID": 0,
        "MALICIOUS": 0,
        "SANE": 0,
        "VALID": 0,
        "total": 1073
    },
    "percentage": {
        "ACTIVE": 99.90680335507922,
        "INACTIVE": 0.10695187165775401,
        "INVALID": 0,
        "MALICIOUS": 0,
        "SANE": 0,
        "VALID": 0,
        "total": 100.01375522673698
    }
}