{
    "counter": {
        "ACTIVE": 1217,
        "INACTIVE": 3,
        "INVALID": 0,
        "MALICIOUS": 0,
        "SANE": 0,
        "VALID": 0,
        "total": 1220
    },
    "percentage": {
        "ACTIVE": 99.75409836065573,
        "INACTIVE": 0.27002700270027,
        "INVALID": 0,
        "MALICIOUS": 0,
        "SANE": 0,
        "VALID": 0,
        "total": 100.024125363356
    }
}