{
    "counter": {
        "ACTIVE": 1227,
        "INACTIVE": 8,
        "INVALID": 0,
        "MALICIOUS": 0,
        "SANE": 0,
        "VALID": 0,
        "total": 1235
    },
    "percentage": {
        "ACTIVE": 99.35222672064778,
        "INACTIVE": 0.657354149548069,
        "INVALID": 0,
        "MALICIOUS": 0,
        "SANE": 0,
        "VALID": 0,
        "total": 100.00958087019585
    }
}