{
    "counter": {
        "ACTIVE": 1141,
        "INACTIVE": 1,
        "INVALID": 0,
        "MALICIOUS": 0,
        "SANE": 0,
        "VALID": 0,
        "total": 1142
    },
    "percentage": {
        "ACTIVE": 99.91243432574431,
        "INACTIVE": 0.1111111111111111,
        "INVALID": 0,
        "MALICIOUS": 0,
        "SANE": 0,
        "VALID": 0,
        "total": 100.02354543685543
    }
}