{
    "counter": {
        "ACTIVE": 1026,
        "INACTIVE": 31,
        "INVALID": 0,
        "MALICIOUS": 0,
        "SANE": 0,
        "VALID": 0,
        "total": 1057
    },
    "percentage": {
        "ACTIVE": 97.06717123935667,
        "INACTIVE": 2.9523809523809526,
        "INVALID": 0,
        "MALICIOUS": 0,
        "SANE": 0,
        "VALID": 0,
        "total": 100.01955219173762
    }
}