{
    "counter": {
        "ACTIVE": 1020,
        "INACTIVE": 5,
        "INVALID": 0,
        "MALICIOUS": 0,
        "SANE": 0,
        "VALID": 0,
        "total": 1025
    },
    "percentage": {
        "ACTIVE": 99.51219512195122,
        "INACTIVE": 0.5820721769499418,
        "INVALID": 0,
        "MALICIOUS": 0,
        "SANE": 0,
        "VALID": 0,
        "total": 100.09426729890116
    }
}