{
    "counter": {
        "ACTIVE": 493,
        "INACTIVE": 3,
        "INVALID": 0,
        "MALICIOUS": 0,
        "SANE": 0,
        "VALID": 0,
        "total": 496
    },
    "percentage": {
        "ACTIVE": 99.39516129032258,
        "INACTIVE": 0.6666666666666666,
        "INVALID": 0,
        "MALICIOUS": 0,
        "SANE": 0,
        "VALID": 0,
        "total": 100.06182795698925
    }
}