{
    "counter": {
        "ACTIVE": 695,
        "INACTIVE": 54,
        "INVALID": 0,
        "MALICIOUS": 0,
        "SANE": 0,
        "VALID": 0,
        "total": 749
    },
    "percentage": {
        "ACTIVE": 92.79038718291055,
        "INACTIVE": 7.248322147651007,
        "INVALID": 0,
        "MALICIOUS": 0,
        "SANE": 0,
        "VALID": 0,
        "total": 100.03870933056156
    }
}