{
    "counter": {
        "ACTIVE": 1233,
        "INACTIVE": 2,
        "INVALID": 0,
        "MALICIOUS": 0,
        "SANE": 0,
        "VALID": 0,
        "total": 1235
    },
    "percentage": {
        "ACTIVE": 99.83805668016194,
        "INACTIVE": 0.24390243902439024,
        "INVALID": 0,
        "MALICIOUS": 0,
        "SANE": 0,
        "VALID": 0,
        "total": 100.08195911918634
    }
}