{
    "counter": {
        "ACTIVE": 1293,
        "INACTIVE": 8,
        "INVALID": 0,
        "MALICIOUS": 0,
        "SANE": 0,
        "VALID": 0,
        "total": 1301
    },
    "percentage": {
        "ACTIVE": 99.38508839354343,
        "INACTIVE": 0.7380073800738007,
        "INVALID": 0,
        "MALICIOUS": 0,
        "SANE": 0,
        "VALID": 0,
        "total": 100.12309577361722
    }
}