{
    "counter": {
        "ACTIVE": 918,
        "INACTIVE": 2,
        "INVALID": 0,
        "MALICIOUS": 0,
        "SANE": 0,
        "VALID": 0,
        "total": 920
    },
    "percentage": {
        "ACTIVE": 99.78260869565217,
        "INACTIVE": 0.24390243902439024,
        "INVALID": 0,
        "MALICIOUS": 0,
        "SANE": 0,
        "VALID": 0,
        "total": 100.02651113467657
    }
}