{
    "counter": {
        "ACTIVE": 747,
        "INACTIVE": 2,
        "INVALID": 0,
        "MALICIOUS": 0,
        "SANE": 0,
        "VALID": 0,
        "total": 749
    },
    "percentage": {
        "ACTIVE": 99.73297730307075,
        "INACTIVE": 0.29069767441860467,
        "INVALID": 0,
        "MALICIOUS": 0,
        "SANE": 0,
        "VALID": 0,
        "total": 100.02367497748936
    }
}